{"paper":{"appledrmod:item/rotten_apple":2,"appledrmod:item/apple_pie":3,"appledrmod:item/iron_key":4,"appledrmod:item/golden_key":5,"appledrmod:item/diamond_key":6,"appledrmod:item/netherite_key":7,"appledrmod:item/applecaxe":8,"appledrmod:item/applecaxe_ii":9,"appledrmod:item/applecaxe_iii":10,"appledrmod:item/applecaxe_iv":11,"appledrmod:item/applecaxe_v":12,"appledrmod:item/applecaxe_vi":13,"appledrmod:item/applecaxe_vii":14,"appledrmod:item/applecaxe_viii":15,"appledrmod:item/applecaxe_ix":16,"appledrmod:item/applecaxe_x":17},"stick":{"factorytools:block/special/destroy_stage_0":2,"factorytools:block/special/destroy_stage_1":3,"factorytools:block/special/destroy_stage_2":4,"factorytools:block/special/destroy_stage_3":5,"factorytools:block/special/destroy_stage_4":6,"factorytools:block/special/destroy_stage_5":7,"factorytools:block/special/destroy_stage_6":8,"factorytools:block/special/destroy_stage_7":9,"factorytools:block/special/destroy_stage_8":10,"factorytools:block/special/destroy_stage_9":11},"stone":{"appledrmod:block/appledraltar":2,"appledrmod:block/apple_pie":3,"appledrmod:block/apple_bricks":4,"appledrmod:block/iron_lock_apple_bricks":5,"appledrmod:block/golden_lock_apple_bricks":6,"appledrmod:block/diamond_lock_apple_bricks":7,"appledrmod:block/netherite_lock_apple_bricks":8,"appledrmod:block/apple_stone":9,"appledrmod:block/pitch_black_block":10,"appledrmod:block/core":11}}