{"parent":"minecraft:block/stone","overrides":[{"model":"appledrmod:block/appledraltar","predicate":{"custom_model_data":2}},{"model":"appledrmod:block/apple_pie","predicate":{"custom_model_data":3}},{"model":"appledrmod:block/apple_bricks","predicate":{"custom_model_data":4}},{"model":"appledrmod:block/iron_lock_apple_bricks","predicate":{"custom_model_data":5}},{"model":"appledrmod:block/golden_lock_apple_bricks","predicate":{"custom_model_data":6}},{"model":"appledrmod:block/diamond_lock_apple_bricks","predicate":{"custom_model_data":7}},{"model":"appledrmod:block/netherite_lock_apple_bricks","predicate":{"custom_model_data":8}},{"model":"appledrmod:block/apple_stone","predicate":{"custom_model_data":9}},{"model":"appledrmod:block/pitch_black_block","predicate":{"custom_model_data":10}},{"model":"appledrmod:block/core","predicate":{"custom_model_data":11}}]}